issuer;cardNumber;expiryMonth;expiryYear;exp;cvv;name;address;country;zipcode
MasterCard;2720464791033361;05;2026;05/2026;157;Gladys Kunze;66282 Goldner Row;Italy;92216-2075
MasterCard;2221343447745541;12;2022;12/2022;330;Garnet Ebert;43447 Parisian Streets;Italy;59721-9666
MasterCard;5417248819655292;07;2025;07/2025;326;Nia Shanahan;63096 Tromp Walks;Italy;23569
MasterCard;5370571078261840;10;2022;10/2022;428;Zander Huels;82229 Lacey Mills;Italy;09615-6360
MasterCard;2720510774470044;05;2026;05/2026;291;Maverick Macejkovic;498 Heller Bridge;Italy;39215
MasterCard;5592786062391922;09;2023;09/2023;944;Minerva Gerlach;8359 DuBuque Centers;Italy;21094
MasterCard;5280122377870946;01;2025;01/2025;735;Arnaldo Reichert;06815 Johnson Stravenue;Italy;78341-4055
MasterCard;5588817436077826;11;2021;11/2021;268;Ida Pacocha;380 Vandervort Pike;Italy;42930-5910
MasterCard;5321102563818132;11;2023;11/2023;155;Alfonso Emard;4646 Mraz Parkways;Italy;51124
MasterCard;5482363474557145;01;2023;01/2023;508;Sadye Haley;303 Branson Freeway;Italy;55688
MasterCard;5236646815826982;10;2022;10/2022;422;Brycen Corkery;570 Arvilla Ford;Italy;92679
MasterCard;5350600607862598;04;2026;04/2026;508;Helga Will;39123 Adrain Falls;Italy;70273
MasterCard;2720436952038488;12;2021;12/2021;214;Jerry Lind;816 Stephon Plain;Italy;24762-6692
MasterCard;2720636706037856;08;2025;08/2025;918;Raegan Krajcik;36634 Hessel Field;Italy;58838
MasterCard;2221804971294768;02;2021;02/2021;993;Darren Anderson;0055 Dena Meadow;Italy;36597
MasterCard;5335947504663268;09;2026;09/2026;664;Kiera Gleichner;02522 Stokes Landing;Italy;36575-4438
MasterCard;2720592987314441;04;2025;04/2025;515;Lamont Klocko;50759 Kody Divide;Italy;75731
MasterCard;5202126038230452;12;2022;12/2022;192;Felicia Barrows;68243 Enoch Fall;Italy;41270
MasterCard;5133229877084222;05;2021;05/2021;839;Raul Yost;54862 Abagail Plaza;Italy;59082
MasterCard;5375402718683174;06;2026;06/2026;892;Dolly Lind;50119 Madyson Way;Italy;00161
MasterCard;2221511180300829;05;2021;05/2021;645;Ethyl Abernathy;1508 Samanta Turnpike;Italy;11805
MasterCard;2720661763211988;05;2021;05/2021;888;Brooke Paucek;76546 Walker Rapid;Italy;79729
MasterCard;5370570395151304;08;2024;08/2024;332;Diego Turcotte;2482 Israel Pine;Italy;24373
MasterCard;5554204410483447;04;2023;04/2023;105;Anais Reinger;3234 Gislason Canyon;Italy;33404
MasterCard;2720683068550084;10;2021;10/2021;912;Jewel Reynolds;120 Brakus Summit;Italy;42908
MasterCard;5552227755394574;08;2025;08/2025;423;Emery Nitzsche;01108 Johnnie Heights;Italy;70266-3315
MasterCard;5282003956849154;02;2026;02/2026;415;Shawna Ruecker;05804 Hilpert Parkway;Italy;06090
MasterCard;5403476412481891;12;2024;12/2024;624;Eli Orn;4421 Fisher View;Italy;51516-7622
MasterCard;2720755356361810;07;2026;07/2026;354;Mireille Quitzon;2909 Braun Run;Italy;95680
MasterCard;5195756599687812;09;2021;09/2021;829;Reginald Schulist;623 Alvina Park;Italy;78593-7630
MasterCard;2720900405873080;02;2024;02/2024;459;Alana Witting;86543 Wyman Fields;Italy;24053
MasterCard;5362897736528662;04;2024;04/2024;925;Amari Friesen;0596 O'Hara Club;Italy;42093
MasterCard;5468872022416867;08;2023;08/2023;707;Chase Miller;4167 Chelsie Manor;Italy;22936
MasterCard;5449306172774480;10;2024;10/2024;680;Kaia Dach;71932 Stokes Passage;Italy;93449
MasterCard;2221927485836525;08;2024;08/2024;961;Leanne Wisozk;7957 Karolann Centers;Italy;44751-1953
MasterCard;2221500840717084;01;2026;01/2026;570;Alfonzo Hayes;47404 Diamond Expressway;Italy;72332
MasterCard;2221914376293172;12;2021;12/2021;154;Stuart Gutkowski;619 Margaretta Heights;Italy;75011
MasterCard;5442989393051288;09;2021;09/2021;814;Aron Haag;23813 Hackett Haven;Italy;39533-4850
MasterCard;5460767086851280;05;2026;05/2026;412;Johan Bashirian;1242 Monroe Isle;Italy;40435
MasterCard;2720391609327323;04;2022;04/2022;831;Fidel Rath;011 Jake Street;Italy;33207-5513
MasterCard;5295918201474646;01;2021;01/2021;507;Camren Hansen;344 Abshire Divide;Italy;59675
MasterCard;5252741695562937;05;2023;05/2023;579;Nikko Simonis;695 Eudora Plains;Italy;08460-3157
MasterCard;5349162140348928;10;2026;10/2026;898;Sterling Schmitt;869 Ashton Ports;Italy;14924
MasterCard;5149722381796820;09;2022;09/2022;616;Hank Lowe;049 Dwight Keys;Italy;25520
MasterCard;5494601675632365;09;2025;09/2025;856;Linwood Grant;678 Beer Island;Italy;83174
MasterCard;2221079138670917;09;2024;09/2024;740;Jermain Romaguera;360 Bins Common;Italy;89808
MasterCard;5566771789337798;10;2024;10/2024;529;Olin Towne;6676 Abshire Forge;Italy;07440-9883
MasterCard;5563764457669975;09;2024;09/2024;793;Amya Doyle;65783 Fisher Isle;Italy;47154
MasterCard;5231702380522301;02;2024;02/2024;644;Kiana Ward;407 Chaya Rue;Italy;81422-2981
MasterCard;5427943808164243;10;2022;10/2022;581;Daren Wyman;832 Nolan Shoal;Italy;17668
VISA;4024007178003538;04;2022;04/2022;755;Erika Rohan;7328 Kayden Divide;Italy;69425
VISA;4539519741134358;11;2024;11/2024;731;Andy Goldner;8963 Ortiz Oval;Italy;38369-1083
VISA;4485110697267824;10;2026;10/2026;500;Edwin Pfeffer;1804 Bins Courts;Italy;46057
VISA;4916118347216850;10;2022;10/2022;338;Lloyd Luettgen;811 Ruben Port;Italy;79269-7168
VISA;4628568598811255;07;2022;07/2022;810;Hershel Schumm;3097 Eve Road;Italy;54247-2200
VISA;4485667983311442;12;2025;12/2025;743;Lonzo Ullrich;10260 Prohaska Light;Italy;98818-5172
VISA;4532390718826039;03;2021;03/2021;359;Alisha Pfeffer;47678 Foster Rapid;Italy;59566-8053
VISA;4916799897776573;01;2023;01/2023;532;Grady Torphy;821 Giles Brooks;Italy;98039-3142
VISA;4532915748974456;01;2026;01/2026;429;Lessie Kris;85217 Rasheed Falls;Italy;43686
VISA;4929463940883820;01;2025;01/2025;141;Gilbert Streich;849 Padberg Flats;Italy;16854-1352
VISA;4024007120793657;02;2026;02/2026;360;Thurman Cronin;4482 Stiedemann Port;Italy;99180-6104
VISA;4539097352083453;01;2023;01/2023;520;Everardo Kohler;687 Georgette Groves;Italy;83884-4602
VISA;4024007127746096;02;2026;02/2026;626;Zion O'Conner;470 Elnora Harbors;Italy;35994
VISA;4485381545485773;07;2021;07/2021;981;Triston Yost;127 Reilly Green;Italy;11960-2141
VISA;4539247508140414;12;2025;12/2025;210;Davonte Hudson;130 Kemmer Falls;Italy;31127
VISA;4532513884403552;08;2022;08/2022;175;Floyd Hagenes;77670 Ratke Plain;Italy;62289-9440
VISA;4716746422965926;06;2024;06/2024;385;Vance Lang;979 Terry Mountains;Italy;46306
VISA;4532862815548880;01;2025;01/2025;122;Bryon Boyer;9180 Dicki Parks;Italy;22513
VISA;4539883076662981;04;2022;04/2022;812;Doyle Brakus;969 Schultz Shoals;Italy;02305
VISA;4556640375017301;07;2024;07/2024;931;Andrew Shields;308 Ortiz Ridge;Italy;13094
VISA;4716941210785111;11;2023;11/2023;109;Jerod Bogan;98421 Marcellus Turnpike;Italy;74381
VISA;4556105545494004;08;2025;08/2025;740;Anna Kirlin;684 Fisher Fields;Italy;07342-9063
VISA;4574268622196906;10;2026;10/2026;881;Citlalli Littel;229 Camila Coves;Italy;71404-6827
VISA;4274414920622382;07;2024;07/2024;253;Brenna Price;1282 Barney Road;Italy;15840
VISA;4714063854620454;05;2023;05/2023;982;Sally Graham;4851 Pacocha Plain;Italy;20787
VISA;4916560603892223;11;2026;11/2026;788;Clifton Stanton;971 Elbert Mount;Italy;02797
VISA;4485827763286376;07;2022;07/2022;157;Mariam Aufderhar;34129 Jody Junction;Italy;36763
VISA;4916914803326088;02;2021;02/2021;211;Lexus Russel;822 Garrison Coves;Italy;31404-4121
VISA;4929469643755306;03;2021;03/2021;809;Marcia Hettinger;363 Cassandra Fields;Italy;08748-4217
VISA;4539036244610974;03;2025;03/2025;840;Zoe Bahringer;9504 Rempel Shores;Italy;68394-5357
VISA;4716963572938146;01;2024;01/2024;896;Whitney Nolan;471 O'Conner Stream;Italy;01930-1366
VISA;4485561115055417;07;2021;07/2021;861;Glenna Hartmann;7962 Arvel Green;Italy;64357-4740
VISA;4929133283724093;03;2025;03/2025;294;Enos Tromp;93884 Manuela View;Italy;37354-9222
VISA;4929494782227800;03;2024;03/2024;959;Maximilian O'Connell;078 Maggio Loop;Italy;84561-9738
VISA;4556344018099194;02;2024;02/2024;492;Christiana Kuhlman;2844 Hershel Streets;Italy;83075-1857
VISA;4738711164130653;10;2022;10/2022;829;Jacey Hoppe;657 Jaskolski Manors;Italy;72598-9118
VISA;4539286760636065;11;2021;11/2021;415;Nicklaus Terry;0386 Jarrell Harbor;Italy;42093-1041
VISA;4556975378430592;07;2024;07/2024;336;Evie Nicolas;142 Howell Plains;Italy;22832-5278
VISA;4024007123030214;04;2022;04/2022;721;Maverick Larson;0288 Howell Path;Italy;44164
VISA;4716741372269247;06;2021;06/2021;797;Saige Monahan;914 Murphy Lodge;Italy;05526-3088
VISA;4916538694371935;03;2026;03/2026;620;Jordi Cassin;7153 Willie Lights;Italy;00233
VISA;4024007122846404;02;2021;02/2021;348;Wayne Reilly;79876 Pietro Cape;Italy;87368-7456
VISA;4024007135001237;11;2024;11/2024;415;Phyllis Gutkowski;2332 Langosh Rapid;Italy;49120
VISA;4716940056924230;08;2023;08/2023;433;Carley Bernier;63167 Tod Knoll;Italy;05844
VISA;4024007177318515;07;2023;07/2023;264;Molly Roob;87742 Hahn Shoal;Italy;22945
VISA;4556912470069606;09;2026;09/2026;461;Marilou Kuhic;16261 Sandy Center;Italy;25057
VISA;4485427649446235;03;2024;03/2024;520;Tia Towne;80898 Abshire Brook;Italy;79577-2359
VISA;4539572292221470;10;2023;10/2023;431;Harry Rath;0802 Salvatore Highway;Italy;61372
VISA;4556833852064553;04;2021;04/2021;352;Lelah Batz;874 Mohr Stravenue;Italy;94148-3435
VISA;4024007135475993;04;2025;04/2025;892;Bernita Lockman;073 Selina Burg;Italy;11434